YES;NO
zaiapresidente;NichiVendola
matteosalvinimi;robersperanza
matteorenzi;ignaziomarino
meb;virginiaraggi
Giorgiolaporta;beppe_grillo
serracchiani;renatobrunetta
EnricoLetta;SenatoreMonti
PaoloGentiloni;berlusconi
PietroGrasso;gasparripdl
mariannamadia;mara_carfagna
pdnetwork;BSaltamartini
angealfa;GiorgiaMeloni
emanuelefiano;matteosalvinimi
ale_moretti;carlosibilia
dariofrance;luigidimaio
AlessiaMorani;GiuliaDiVita
fabriziobarca;Roberto_Fico
graziano_delrio;PaolaTavernaM5S
nzingaretti;GiancarloCanc
BeppeSala;GiuliaSarti86
giorgio_gori;pbersani
PietroGrasso;civati
lauraboldrini;gianfranco_fini
matteorenzi;MassimoLeaderPD
EnricoLetta;deyoungmuseum
romanoprodi;RaffaeleFitto
PCPadoan;FrancoFrattini
angealfa;GiancarloGalan
meb;msgelmini
CarloCalenda;Ignazio_LaRussa
ECofficialmusic;RobertoMaroni_
graziano_delrio;QuagliarielloG
dariofrance;_paolo_romani_
glgalletti;grotondi
PaoloGentiloni;micheleemiliano
SteGiannini;GiovanniToti
BeaLorenzin;zaiapresidente
mariannamadia;r_formigoni
maumartina;renatapolverini
AndreaOrlandosp;c_appendino
PCPadoan;demagistris
robertapinotti;rossidoria
PolettiGiuliano;LeolucaOrlando1
fabriziobarca;AlemannoTW
emmabonino;DSantanche
Cesare_Damiano;DeborahBergamin
l_lanzillotta;BiancofioreMiky
Maurizio_Lupi;CalabriaTw
GioMelandri;Capezzone
RutelliTweet;M_Fedriga
sbonaccini;ale_dibattista
SergioChiampa;StefanoFassina
rosariocrocetta;claudiofava1
VincenzoDeLuca;NFratoianni
CatiusciaMarini;N_DeGirolamo
Oliverio_MarioG;GabriGiammanco
F_Pigliaru;guglielmopicchi
rossipresidente;lauraravetto
serracchiani;elio_vito
nzingaretti;MarcoFollini
VeltroniWalter;giamma71
enzo_salvi;CorradinoMineo
LuigiBrugnaro;LucioMalan
Antonio_Decaro;m_montevecchi
virginiomerola;Ale_Mussolini_
DarioNardella;AlbertoAirola
FlavioTosiTW;MBuccarella
MCacciari44;GianlucaVasto
pierofassino;CatalfoNunzia
giulianopisapia;andrea_cioffi
VeltroniWalter;BarbaraLezzi
sandrogozi;Carlo_Martelli
MC_Carro;vilmamoronese
giannicuperlo;NicolaMorra63
emanuelefiano;vitopetrocelli
bobogiac;pugliainvita
sandrogozi;loscibo
guerini_lorenzo;BerniniAM
AlessiaMorani;senantoniorazzi
lapopistelli;giacomos
LiaQuartapelle;tatianabasilio1
AndreaRomano9;SilviaBM5S
ivanscalfarotto;Bernini_P
MarinaSereni;AlfonsoBonafede
BrunoTabacci;g_brescia
VVezzali;FrancBusinarolo
enrico_zanetti;MirkoBusto
FinocchiaroAnna;Azzurra_C
sandrobondi;berenice0104
AntonioDePoli;LaCastelliM5s
bendellavedova;andreacecconi84
FinocchiaroAnna;silviachimienti
PietroIchino;TiziCip
NenciniPsi;AndCol81
AndreaOlivero;VegaColonnese
LauraPuppato;cla_cominardi
RPBWARCHITECTS;Emanuela_Corda
MaurizioSacconi;crippa5stelle
DenisVerdini;FedericoDinca
simonabonafe;F_DUva
gualtierieurope;DadoneFabiana
ckyenge;FedericaDaga
ale_moretti;matteodallosso
alessiamosca;Maxdero
giannipittella;DgPilot81
toiapatrizia;dellorco85
flaviozanonato;IvanDellaValle
AnnaAscani;Chiara_DiBe
PPBaretta;ManlioDS
TeresaBellanova;federicadieni
rosy_bindi;MFantinati
boccadutri;riccardo_fra
F_Boccia;Gallinella_F
FrancescoBonif1;LuigiGallo15
meb;giosilvia86
bragachiara;GiuliaGrilloM5S
micaela_campana;mirellaliuzzi
ernestocarbone;robertalombardi
MC_Carro;ManteroM5S
KhalidChaouki3;DalilaNesci
CovelloStefania;antoniopalmieri
Cesare_Damiano;PaoloParentela
titti_disalvo;fabiorampelli
davidefaraone;carlaruocco1
emanuelefiano;JoleSantelli
dietnam;mariaederaM5S
dariofrance;LucaSqueri
GiampaoloGalli;PatriziaTerzoni
PaoloGentiloni;AngeloTofalo
bobogiac;DaniloToninelli
sandrogozi;GianlucaVacca
GiuseppeGuerin1;SVignaroli
guerini_lorenzo;ale_villarosa
MauroGuerraNL;
YoramGutgeld;
flavagno;
LottiLuca;
mariannamadia;
mmauripd;
gennaromigliore;
AlessiaMorani;
AndreaOrlandosp;
DarioParrini;
piccolapini;
FabioPorchat;
faustorac;
erealacci;
MatteoRichetti;
AndreaRomano9;
Ettore_Rosato;
PablitoRossi;
alessiarotta;
ivanscalfarotto;
MarinaSereni;
itinagli;
VicoLudovico;
szampa56;
